-- phpMyAdmin SQL Dump
-- version 5.1.1
-- https://www.phpmyadmin.net/
--
-- Host: 127.0.0.1
-- Generation Time: Apr 25, 2024 at 10:15 PM
-- Server version: 10.4.22-MariaDB
-- PHP Version: 7.4.27

SET SQL_MODE = "NO_AUTO_VALUE_ON_ZERO";
START TRANSACTION;
SET time_zone = "+00:00";


/*!40101 SET @OLD_CHARACTER_SET_CLIENT=@@CHARACTER_SET_CLIENT */;
/*!40101 SET @OLD_CHARACTER_SET_RESULTS=@@CHARACTER_SET_RESULTS */;
/*!40101 SET @OLD_COLLATION_CONNECTION=@@COLLATION_CONNECTION */;
/*!40101 SET NAMES utf8mb4 */;

--
-- Database: `edoc`
--

-- --------------------------------------------------------

--
-- Table structure for table `admin`
--

CREATE TABLE `admin` (
  `aemail` varchar(255) NOT NULL,
  `apassword` varchar(255) DEFAULT NULL,
  `admin_img_path` varchar(255) DEFAULT NULL
) ENGINE=MyISAM DEFAULT CHARSET=latin1;

--
-- Dumping data for table `admin`
--

INSERT INTO `admin` (`aemail`, `apassword`, `admin_img_path`) VALUES
('admin@gmail.com', '123', NULL),
('admin_1@gmail.com', '123', NULL);

-- --------------------------------------------------------

--
-- Table structure for table `appointment`
--

CREATE TABLE `appointment` (
  `appoid` int(11) NOT NULL,
  `pid` int(10) DEFAULT NULL,
  `apponum` int(3) DEFAULT NULL,
  `scheduleid` int(10) DEFAULT NULL,
  `appodate` date DEFAULT NULL
) ENGINE=MyISAM DEFAULT CHARSET=latin1;

--
-- Dumping data for table `appointment`
--

INSERT INTO `appointment` (`appoid`, `pid`, `apponum`, `scheduleid`, `appodate`) VALUES
(63, 15, 2, 29, '0000-00-00'),
(62, 5, 1, 29, '0000-00-00');

-- --------------------------------------------------------

--
-- Table structure for table `doctor`
--

CREATE TABLE `doctor` (
  `docid` int(11) NOT NULL,
  `docemail` varchar(255) DEFAULT NULL,
  `docname` varchar(255) DEFAULT NULL,
  `docpassword` varchar(255) DEFAULT NULL,
  `docnic` varchar(15) DEFAULT NULL,
  `doctel` varchar(15) DEFAULT NULL,
  `specialties` int(2) DEFAULT NULL,
  `doctor_img_path` varchar(255) DEFAULT NULL
) ENGINE=MyISAM DEFAULT CHARSET=latin1;

--
-- Dumping data for table `doctor`
--

INSERT INTO `doctor` (`docid`, `docemail`, `docname`, `docpassword`, `docnic`, `doctel`, `specialties`, `doctor_img_path`) VALUES
(27, 'Doctor_Ahmed@gmail.com', 'Doctor_Ahmed', '123', '9999999999', '0567890123', 6, 'ahmed_image.jpg'),
(25, 'Doctor_Khalid@gmail.com', 'Doctor_Khalid', '123', '7777777777', '0111222333', 4, 'khalid_image.jpg');

-- --------------------------------------------------------

--
-- Table structure for table `patient`
--

CREATE TABLE `patient` (
  `pid` int(11) NOT NULL,
  `pemail` varchar(255) DEFAULT NULL,
  `pname` varchar(255) DEFAULT NULL,
  `ppassword` varchar(255) DEFAULT NULL,
  `paddress` varchar(255) DEFAULT NULL,
  `pnic` varchar(15) DEFAULT NULL,
  `pdob` date DEFAULT NULL,
  `ptel` varchar(15) DEFAULT NULL,
  `patient_img_path` varchar(255) DEFAULT NULL
) ENGINE=MyISAM DEFAULT CHARSET=latin1;

--
-- Dumping data for table `patient`
--

INSERT INTO `patient` (`pid`, `pemail`, `pname`, `ppassword`, `paddress`, `pnic`, `pdob`, `ptel`, `patient_img_path`) VALUES
(5, 'patient1@gmail.com', 'Mohamad', '123', 'Taize', '0000000000', '2000-01-01', '00000000', NULL),
(6, 'patient2@gmail.com', 'Hashen Udara', '123', 'Aden', '0110000000', '2022-06-03', '0700000000', NULL),
(7, 'patient3@gmail.com', 'Feras Ahmad', '123', 'Sana', '874848444484845', '2023-10-09', '0772549226', NULL),
(15, 'Omar@gmail.com', 'motasam ahmad ', '123', 'sana', '2398134738974', '2023-11-13', '45456', NULL);

-- --------------------------------------------------------

--
-- Table structure for table `schedule`
--

CREATE TABLE `schedule` (
  `scheduleid` int(11) NOT NULL,
  `docid` varchar(255) DEFAULT NULL,
  `title` varchar(255) DEFAULT NULL,
  `scheduledate` date DEFAULT NULL,
  `scheduletime` time DEFAULT NULL,
  `nop` int(4) DEFAULT NULL
) ENGINE=MyISAM DEFAULT CHARSET=latin1;

--
-- Dumping data for table `schedule`
--

INSERT INTO `schedule` (`scheduleid`, `docid`, `title`, `scheduledate`, `scheduletime`, `nop`) VALUES
(18, '27', 'Cardiology Checkup', '2023-11-15', '09:00:00', 10),
(20, '25', 'Gastroenterology Appointment', '2023-11-17', '13:45:00', 12),
(31, '27', 'moring sesssion', '2023-11-13', '17:50:00', 20),
(29, '25', 'night seesion', '2023-11-13', '22:53:00', 20);

-- --------------------------------------------------------

--
-- Table structure for table `specialties`
--

CREATE TABLE `specialties` (
  `id` int(2) NOT NULL,
  `sname` varchar(50) DEFAULT NULL
) ENGINE=MyISAM DEFAULT CHARSET=latin1;

--
-- Dumping data for table `specialties`
--

INSERT INTO `specialties` (`id`, `sname`) VALUES
(1, 'Accident and emergency medicine'),
(2, 'Allergology'),
(3, 'Anaesthetics'),
(4, 'Biological hematology'),
(5, 'Cardiology'),
(6, 'Child psychiatry'),
(7, 'Clinical biology'),
(8, 'Clinical chemistry'),
(9, 'Clinical neurophysiology'),
(10, 'Clinical radiology'),
(11, 'Dental, oral and maxillo-facial surgery'),
(12, 'Dermato-venerology'),
(13, 'Dermatology'),
(14, 'Endocrinology'),
(15, 'Gastro-enterologic surgery'),
(16, 'Gastroenterology'),
(17, 'General hematology'),
(18, 'General Practice'),
(19, 'General surgery'),
(20, 'Geriatrics'),
(21, 'Immunology'),
(22, 'Infectious diseases'),
(23, 'Internal medicine'),
(24, 'Laboratory medicine'),
(25, 'Maxillo-facial surgery'),
(26, 'Microbiology'),
(27, 'Nephrology'),
(28, 'Neuro-psychiatry'),
(29, 'Neurology'),
(30, 'Neurosurgery'),
(31, 'Nuclear medicine'),
(32, 'Obstetrics and gynecology'),
(33, 'Occupational medicine'),
(34, 'Ophthalmology'),
(35, 'Orthopaedics'),
(36, 'Otorhinolaryngology'),
(37, 'Paediatric surgery'),
(38, 'Paediatrics'),
(39, 'Pathology'),
(40, 'Pharmacology'),
(41, 'Physical medicine and rehabilitation'),
(42, 'Plastic surgery'),
(43, 'Podiatric Medicine'),
(44, 'Podiatric Surgery'),
(45, 'Psychiatry'),
(46, 'Public health and Preventive Medicine'),
(47, 'Radiology'),
(48, 'Radiotherapy'),
(49, 'Respiratory medicine'),
(50, 'Rheumatology'),
(51, 'Stomatology'),
(52, 'Thoracic surgery'),
(53, 'Tropical medicine'),
(54, 'Urology'),
(55, 'Vascular surgery'),
(56, 'Venereology');

-- --------------------------------------------------------

--
-- Table structure for table `webuser`
--

CREATE TABLE `webuser` (
  `email` varchar(255) NOT NULL,
  `usertype` char(1) DEFAULT NULL
) ENGINE=MyISAM DEFAULT CHARSET=latin1;

--
-- Dumping data for table `webuser`
--

INSERT INTO `webuser` (`email`, `usertype`) VALUES
('admin@gmail.com', 'a'),
('admin_1@gmail.com', 'a'),
('Doctor_Ahmed@gmail.com', 'd'),
('Doctor_Khalid@gmail.com', 'd'),
('patient1@gmail.com', 'p'),
('patient2@gmail.com', 'p'),
('patient3@gmail.com', 'p'),
('Omar@gmail.com', 'p');

--
-- Indexes for dumped tables
--

--
-- Indexes for table `admin`
--
ALTER TABLE `admin`
  ADD PRIMARY KEY (`aemail`);

--
-- Indexes for table `appointment`
--
ALTER TABLE `appointment`
  ADD PRIMARY KEY (`appoid`),
  ADD KEY `pid` (`pid`),
  ADD KEY `scheduleid` (`scheduleid`);

--
-- Indexes for table `doctor`
--
ALTER TABLE `doctor`
  ADD PRIMARY KEY (`docid`),
  ADD KEY `specialties` (`specialties`);

--
-- Indexes for table `patient`
--
ALTER TABLE `patient`
  ADD PRIMARY KEY (`pid`);

--
-- Indexes for table `schedule`
--
ALTER TABLE `schedule`
  ADD PRIMARY KEY (`scheduleid`),
  ADD KEY `docid` (`docid`);

--
-- Indexes for table `specialties`
--
ALTER TABLE `specialties`
  ADD PRIMARY KEY (`id`);

--
-- Indexes for table `webuser`
--
ALTER TABLE `webuser`
  ADD PRIMARY KEY (`email`);

--
-- AUTO_INCREMENT for dumped tables
--

--
-- AUTO_INCREMENT for table `appointment`
--
ALTER TABLE `appointment`
  MODIFY `appoid` int(11) NOT NULL AUTO_INCREMENT, AUTO_INCREMENT=64;

--
-- AUTO_INCREMENT for table `doctor`
--
ALTER TABLE `doctor`
  MODIFY `docid` int(11) NOT NULL AUTO_INCREMENT, AUTO_INCREMENT=31;

--
-- AUTO_INCREMENT for table `patient`
--
ALTER TABLE `patient`
  MODIFY `pid` int(11) NOT NULL AUTO_INCREMENT, AUTO_INCREMENT=16;

--
-- AUTO_INCREMENT for table `schedule`
--
ALTER TABLE `schedule`
  MODIFY `scheduleid` int(11) NOT NULL AUTO_INCREMENT, AUTO_INCREMENT=32;
COMMIT;

/*!40101 SET CHARACTER_SET_CLIENT=@OLD_CHARACTER_SET_CLIENT */;
/*!40101 SET CHARACTER_SET_RESULTS=@OLD_CHARACTER_SET_RESULTS */;
/*!40101 SET COLLATION_CONNECTION=@OLD_COLLATION_CONNECTION */;
